{
  "find_odoo_modules": 5.338500000000024,
  "memory_persistence": 3.9265419999999773,
  "read_and_summarize": 1.5982079999999899,
  "route_to_cloud": 0.03387500000007204,
  "terminal_with_sandbox": 1.34104200000007
}