{
  "find_odoo_modules": 18.14162499999994,
  "memory_persistence": 18.68350000000163,
  "read_and_summarize": 1.6130829999999596,
  "route_to_cloud": 0.058166999998832125,
  "terminal_with_sandbox": 30013.301042000003
}