{
  "memory_persistence": 4.277416970580816,
  "route_to_cloud": 0.026165973395109177
}