{
  "memory_persistence": 3.2126670121215284,
  "route_to_cloud": 0.03208301495760679
}