{
  "find_odoo_modules": 14.91516699999995,
  "memory_persistence": 13.963000000000392,
  "read_and_summarize": 1.613458000000012,
  "route_to_cloud": 0.36350000000240357,
  "terminal_with_sandbox": 30012.545665999998
}