{
  "find_odoo_modules": 15.707667000000036,
  "memory_persistence": 24.358624999997858,
  "read_and_summarize": 1.6623330000000713,
  "route_to_cloud": 0.969166000000854,
  "terminal_with_sandbox": 30027.915917000002
}