{
  "find_odoo_modules": 18.34712500000002,
  "memory_persistence": 17.44095799999812,
  "read_and_summarize": 1.6651669999999674,
  "route_to_cloud": 0.8007499999997947,
  "terminal_with_sandbox": 30018.958041
}