{
  "find_odoo_modules": 12.77541698073037,
  "memory_persistence": 15.346542000770569,
  "read_and_summarize": 1.0672500065993518,
  "route_to_cloud": 0.41404200601391494,
  "terminal_with_sandbox": 30011.371874978067
}