{
  "find_odoo_modules": 18.81849999999996,
  "memory_persistence": 16.323833000001287,
  "read_and_summarize": 1.6342080000000259,
  "route_to_cloud": 0.87616700000126,
  "terminal_with_sandbox": 30024.589624999997
}