{
  "memory_persistence": 2.1720409858971834,
  "route_to_cloud": 0.02541701542213559
}