{
  "find_odoo_modules": 17.2727909999999,
  "memory_persistence": 17.860249999998246,
  "read_and_summarize": 1.6582920000001167,
  "route_to_cloud": 1.1822499999993852,
  "terminal_with_sandbox": 30031.132458999997
}