{
  "find_odoo_modules": 18.788334000000127,
  "memory_persistence": 15.9529169999999,
  "read_and_summarize": 1.6137089999999077,
  "route_to_cloud": 1.2555000000027405,
  "terminal_with_sandbox": 30016.547
}