{
  "find_odoo_modules": 9.570500000336324,
  "memory_persistence": 10.093875000166008,
  "read_and_summarize": 1.0362499997427221,
  "route_to_cloud": 0.20787500034202822,
  "terminal_with_sandbox": 30008.72716699996
}