{
  "find_odoo_modules": 17.593167000000022,
  "memory_persistence": 17.616458000002666,
  "read_and_summarize": 1.6022079999999939,
  "route_to_cloud": 1.7483749999982479,
  "terminal_with_sandbox": 30014.988209000003
}